Farmer_ID,Crop_Type,Quantity,Location,Moisture_Content,Expected_Price,Preferred_Buyer_Type,Time_Urgency,Season,Historical_Buyer_Deals,Offered_Price_AgroBazaar_Pvt_Ltd,Distance_AgroBazaar_Pvt_Ltd,Rating_AgroBazaar_Pvt_Ltd,Offered_Price_Krishi_Mandal,Distance_Krishi_Mandal,Rating_Krishi_Mandal,Offered_Price_Sarkari_Procurement_Center,Distance_Sarkari_Procurement_Center,Rating_Sarkari_Procurement_Center,Offered_Price_FieldFresh_Traders,Distance_FieldFresh_Traders,Rating_FieldFresh_Traders,Offered_Price_GreenYield_Buyer_Group,Distance_GreenYield_Buyer_Group,Rating_GreenYield_Buyer_Group,Best_Buyer
F1000,Maize,38,Karnal,19.96,1685,Government,2,Kharif,FieldFresh Traders,2446,95,3.6,1504,83,3.7,1703,16,4.2,2682,47,4.0,2595,49,5.0,FieldFresh Traders
F1001,Wheat,15,Sirsa,13.23,2390,Government,7,Rabi,Krishi Mandal,2137,8,4.7,2680,81,3.8,1670,43,3.4,1826,13,3.3,1408,6,4.8,Krishi Mandal
F1002,Wheat,8,Rohtak,17.77,1646,Private,6,Kharif,FieldFresh Traders,1513,60,3.9,2660,9,3.7,2088,46,4.4,1966,80,4.4,2477,40,3.4,Krishi Mandal
F1003,Maize,37,Rohtak,19.63,2079,Private,2,Rabi,Krishi Mandal,2423,88,4.7,2016,73,4.4,1569,52,3.6,1508,53,4.0,2568,72,4.0,GreenYield Buyer Group
F1004,Mustard,10,Sonipat,13.64,2173,Government,1,Rabi,Krishi Mandal,2560,26,4.2,2404,69,4.2,2374,53,4.1,1796,16,3.2,1769,83,4.6,AgroBazaar Pvt Ltd
F1005,Rice,16,Sirsa,12.9,1910,Government,5,Rabi,FieldFresh Traders,1741,82,4.9,2572,20,4.2,2570,13,4.8,1630,5,4.4,2252,23,4.8,Krishi Mandal
F1006,Rice,9,Rohtak,11.85,1571,Private,6,Kharif,FieldFresh Traders,2153,60,3.1,2526,16,4.3,1500,59,3.6,1705,57,4.3,1557,94,4.9,Krishi Mandal
F1007,Rice,43,Sonipat,9.26,1645,Government,1,Rabi,AgroBazaar Pvt Ltd,1722,25,4.8,2133,66,4.1,2522,75,4.9,2371,86,4.4,1904,56,4.3,Sarkari Procurement Center
F1008,Maize,9,Sonipat,9.93,2258,Government,2,Rabi,GreenYield Buyer Group,1922,11,4.0,1549,89,5.0,2217,13,3.9,2418,39,4.1,2420,62,5.0,GreenYield Buyer Group
F1009,Wheat,48,Sirsa,12.94,2148,Government,1,Rabi,Krishi Mandal,1610,17,4.7,2050,21,3.6,1937,42,5.0,1761,58,4.0,1593,87,4.4,Krishi Mandal
F1010,Maize,20,Rohtak,13.95,2495,Government,4,Rabi,FieldFresh Traders,2575,47,3.8,2476,82,3.7,1574,65,3.7,1727,27,4.7,2073,31,3.5,AgroBazaar Pvt Ltd
F1011,Maize,30,Sonipat,15.95,1531,Government,3,Rabi,GreenYield Buyer Group,1636,31,3.6,1850,74,4.0,2216,22,3.2,1488,76,4.0,1453,74,4.3,Sarkari Procurement Center
F1012,Sugarcane,12,Hisar,12.81,1593,Government,4,Rabi,FieldFresh Traders,1867,29,3.1,1776,5,4.5,2427,20,3.0,1510,64,3.8,1982,84,3.6,Sarkari Procurement Center
F1013,Wheat,41,Sirsa,17.13,2264,Private,2,Kharif,FieldFresh Traders,2442,57,4.7,2466,91,3.9,2289,93,5.0,2145,95,4.0,1649,84,3.4,Krishi Mandal
F1014,Sugarcane,20,Hisar,8.44,2043,Private,4,Rabi,AgroBazaar Pvt Ltd,1405,94,3.3,1539,88,3.2,1667,40,3.8,1983,77,4.9,2207,88,4.9,GreenYield Buyer Group
F1015,Cotton,42,Kurukshetra,9.06,1720,Private,6,Rabi,Krishi Mandal,1490,75,3.4,2434,60,4.2,1676,47,3.3,1829,22,4.2,2165,61,3.7,Krishi Mandal
F1016,Wheat,43,Panipat,11.03,1885,Government,2,Rabi,Krishi Mandal,1425,97,3.8,1726,71,3.9,2384,72,3.6,2290,30,3.7,2609,94,4.8,GreenYield Buyer Group
F1017,Wheat,7,Hisar,9.39,1929,Private,4,Kharif,Sarkari Procurement Center,1900,98,4.1,2251,58,4.9,2545,57,3.7,1914,28,5.0,1617,49,3.3,Sarkari Procurement Center
F1018,Wheat,44,Rohtak,17.27,1964,Government,5,Kharif,AgroBazaar Pvt Ltd,1494,74,4.8,2512,52,4.7,1805,72,4.1,2084,53,3.6,2062,88,4.8,Krishi Mandal
F1019,Rice,10,Karnal,18.38,1849,Government,7,Rabi,GreenYield Buyer Group,2366,38,3.9,2499,10,4.3,2399,31,3.1,2663,42,3.1,1714,56,4.2,FieldFresh Traders
F1020,Rice,31,Kurukshetra,17.9,1661,Private,5,Rabi,AgroBazaar Pvt Ltd,2145,89,3.6,2226,94,4.9,2209,94,4.4,2328,75,3.1,1459,30,3.0,FieldFresh Traders
F1021,Sugarcane,47,Hisar,8.01,1878,Private,4,Rabi,GreenYield Buyer Group,2184,41,4.4,1588,72,3.8,2570,31,4.6,1488,67,4.7,1566,43,3.0,Sarkari Procurement Center
F1022,Sugarcane,42,Sonipat,18.43,1819,Government,7,Rabi,Krishi Mandal,1707,43,4.6,2115,59,4.2,1801,83,3.7,1613,10,3.7,2342,15,3.3,GreenYield Buyer Group
F1023,Wheat,41,Kurukshetra,13.54,2238,Private,7,Kharif,Sarkari Procurement Center,1766,35,4.0,1853,34,3.8,2549,12,4.7,1507,43,4.5,2382,9,4.1,Sarkari Procurement Center
F1024,Sugarcane,38,Hisar,8.65,1832,Private,6,Rabi,Sarkari Procurement Center,1472,17,4.3,1836,66,4.8,2661,18,4.7,2500,79,3.1,2329,73,4.4,Sarkari Procurement Center
F1025,Rice,25,Sonipat,14.22,2295,Government,6,Kharif,Krishi Mandal,2532,11,3.4,2079,53,3.2,2473,78,3.5,1760,43,4.8,2686,47,4.0,GreenYield Buyer Group
F1026,Maize,21,Hisar,15.47,2464,Government,1,Kharif,FieldFresh Traders,2258,55,4.3,2078,49,3.7,1904,98,4.4,1723,68,3.7,1951,54,3.8,AgroBazaar Pvt Ltd
F1027,Maize,18,Karnal,13.98,2081,Private,6,Rabi,AgroBazaar Pvt Ltd,1859,78,3.0,2138,80,3.6,1896,85,3.8,1459,76,3.2,2616,97,3.2,GreenYield Buyer Group
F1028,Maize,47,Karnal,13.3,2110,Government,2,Kharif,Sarkari Procurement Center,2059,75,3.5,2001,99,4.3,1546,72,3.6,2393,99,3.7,1411,97,4.8,FieldFresh Traders
F1029,Sugarcane,50,Sonipat,8.62,1586,Private,5,Rabi,FieldFresh Traders,1908,67,4.5,1847,94,4.4,1945,16,3.8,2454,64,3.7,2074,99,4.3,FieldFresh Traders
F1030,Cotton,25,Hisar,11.2,2404,Private,2,Rabi,GreenYield Buyer Group,2252,24,3.3,2666,78,4.2,2280,66,3.8,1637,33,3.7,1489,21,4.1,Krishi Mandal
F1031,Rice,20,Panipat,9.57,1553,Government,5,Kharif,Sarkari Procurement Center,2055,11,4.5,2486,17,3.8,2062,97,4.1,1545,8,4.3,2674,71,4.8,GreenYield Buyer Group
F1032,Cotton,21,Karnal,11.46,1659,Government,3,Kharif,GreenYield Buyer Group,1955,51,4.0,2372,59,4.8,2579,93,4.3,1881,5,3.5,2327,74,4.6,Sarkari Procurement Center
F1033,Sugarcane,30,Karnal,18.57,1661,Private,6,Kharif,FieldFresh Traders,1559,5,4.5,2549,22,4.6,1583,82,3.9,2310,24,4.3,2065,41,3.9,Krishi Mandal
F1034,Mustard,13,Karnal,13.82,2272,Government,4,Rabi,GreenYield Buyer Group,2570,59,3.2,1418,37,4.9,1630,95,3.4,2613,38,4.2,2565,32,3.2,FieldFresh Traders
F1035,Barley,47,Sirsa,8.35,2132,Private,5,Rabi,FieldFresh Traders,2163,16,4.2,1634,66,4.5,2247,41,3.8,2587,43,4.8,1664,16,4.9,FieldFresh Traders
F1036,Barley,46,Kurukshetra,15.56,1550,Government,4,Kharif,GreenYield Buyer Group,1644,42,4.3,2108,34,4.0,2267,59,4.8,2067,86,3.1,1832,70,3.8,Sarkari Procurement Center
F1037,Wheat,24,Hisar,17.59,2190,Government,3,Kharif,AgroBazaar Pvt Ltd,2428,89,3.8,2312,15,3.9,2148,82,4.7,2258,86,3.6,1499,75,4.2,AgroBazaar Pvt Ltd
F1038,Barley,34,Panipat,16.52,1583,Private,2,Rabi,Sarkari Procurement Center,1507,85,4.9,1892,41,3.3,2113,45,3.3,1807,65,3.7,1979,44,3.8,Sarkari Procurement Center
F1039,Barley,25,Karnal,11.73,1778,Government,4,Kharif,Sarkari Procurement Center,1767,81,3.8,2656,81,4.7,1790,38,5.0,2067,20,3.0,2061,71,4.7,Krishi Mandal
F1040,Rice,9,Sirsa,8.16,1953,Private,5,Kharif,FieldFresh Traders,1857,66,3.1,2672,74,3.3,2056,72,4.3,1871,88,3.7,1513,48,4.6,Krishi Mandal
F1041,Maize,5,Kurukshetra,12.9,2177,Government,3,Kharif,GreenYield Buyer Group,2456,30,3.4,1899,57,3.5,2105,78,3.3,1625,90,3.9,1544,86,5.0,AgroBazaar Pvt Ltd
F1042,Cotton,34,Rohtak,10.7,1934,Private,5,Kharif,Krishi Mandal,1494,17,3.7,1481,37,3.5,2616,84,3.1,2067,41,4.7,2520,25,3.2,Sarkari Procurement Center
F1043,Mustard,44,Sonipat,18.1,1997,Private,3,Kharif,Sarkari Procurement Center,2221,8,3.0,2057,29,4.5,1449,50,3.0,1866,58,4.1,2633,7,3.7,GreenYield Buyer Group
F1044,Mustard,41,Rohtak,9.36,2121,Government,6,Rabi,GreenYield Buyer Group,1541,31,3.6,2181,5,4.5,2024,21,4.4,1600,27,4.8,2181,8,3.4,Krishi Mandal
F1045,Rice,11,Karnal,19.36,1952,Private,7,Kharif,GreenYield Buyer Group,2352,26,4.7,1632,95,3.4,1746,83,4.0,1885,67,3.5,1589,74,3.0,AgroBazaar Pvt Ltd
F1046,Rice,9,Panipat,15.77,1924,Government,7,Kharif,AgroBazaar Pvt Ltd,1978,86,3.4,2190,100,3.8,2116,77,3.9,2244,93,4.4,2216,80,4.5,FieldFresh Traders
F1047,Barley,39,Panipat,9.85,1779,Private,6,Rabi,Krishi Mandal,2036,42,4.4,1925,5,3.2,2662,68,5.0,1809,87,4.2,1922,38,4.5,Sarkari Procurement Center
F1048,Mustard,18,Kurukshetra,19.19,1720,Private,6,Kharif,Sarkari Procurement Center,2070,15,4.3,2506,78,4.9,2305,71,3.2,2169,36,5.0,1764,35,4.4,Krishi Mandal
F1049,Wheat,37,Kurukshetra,11.5,2273,Private,6,Rabi,AgroBazaar Pvt Ltd,1576,65,3.5,1979,71,3.9,2676,98,4.3,1851,8,3.8,1891,43,4.4,Sarkari Procurement Center
F1050,Wheat,21,Hisar,16.46,2024,Government,7,Rabi,Krishi Mandal,2532,19,4.4,1450,20,3.1,1698,85,3.8,1550,20,3.8,2216,97,3.4,AgroBazaar Pvt Ltd
F1051,Cotton,13,Sonipat,12.99,1616,Government,6,Kharif,Sarkari Procurement Center,2335,44,3.7,2458,71,4.5,2302,68,3.9,2364,40,4.1,1582,59,4.6,Krishi Mandal
F1052,Wheat,27,Sonipat,13.79,1853,Private,3,Rabi,AgroBazaar Pvt Ltd,1416,55,3.3,2167,5,4.0,1491,68,4.6,2598,68,4.6,1442,69,4.3,FieldFresh Traders
F1053,Mustard,9,Karnal,13.67,1940,Government,5,Kharif,Krishi Mandal,2155,65,3.8,2453,53,5.0,1878,28,4.2,2392,13,3.2,1826,19,4.6,Krishi Mandal
F1054,Barley,20,Rohtak,13.48,1613,Government,4,Rabi,Sarkari Procurement Center,1810,67,4.2,2441,88,3.2,1808,83,3.9,1511,81,4.4,1733,98,3.4,Krishi Mandal
F1055,Mustard,28,Hisar,9.74,1790,Private,2,Kharif,Krishi Mandal,1997,89,3.3,2312,31,4.2,2165,34,3.4,2292,100,3.7,2195,12,5.0,Krishi Mandal
F1056,Sugarcane,23,Panipat,10.29,2194,Private,2,Kharif,GreenYield Buyer Group,2554,38,4.6,2396,93,3.2,1719,95,4.0,1696,51,4.0,2224,52,4.9,AgroBazaar Pvt Ltd
F1057,Mustard,15,Hisar,15.19,2194,Private,3,Rabi,FieldFresh Traders,2022,16,3.6,1489,45,4.9,1575,42,4.1,1842,79,4.5,1983,38,3.1,AgroBazaar Pvt Ltd
F1058,Barley,33,Rohtak,16.96,2107,Government,5,Kharif,FieldFresh Traders,2675,87,3.6,2007,57,3.8,1630,29,3.9,2648,66,3.7,1715,85,4.0,AgroBazaar Pvt Ltd
F1059,Wheat,39,Panipat,9.64,1998,Private,3,Rabi,GreenYield Buyer Group,1896,74,4.5,1794,51,3.5,1511,5,3.7,2331,77,4.2,1646,69,4.4,FieldFresh Traders
F1060,Maize,50,Kurukshetra,8.84,2039,Private,2,Kharif,Krishi Mandal,2350,54,4.2,2056,18,4.5,1897,20,3.4,1764,60,3.7,2011,50,4.2,AgroBazaar Pvt Ltd
F1061,Cotton,24,Sirsa,17.27,2183,Government,3,Rabi,GreenYield Buyer Group,2154,28,3.7,2452,24,3.9,2671,8,4.2,2193,38,3.9,2405,20,3.0,Sarkari Procurement Center
F1062,Sugarcane,44,Sirsa,18.25,1815,Private,7,Kharif,FieldFresh Traders,2611,52,4.8,1568,59,3.3,1702,64,4.2,2164,85,4.0,2285,11,5.0,AgroBazaar Pvt Ltd
F1063,Wheat,46,Kurukshetra,12.08,1546,Government,3,Rabi,FieldFresh Traders,2410,53,5.0,1596,88,4.1,1989,85,4.7,1679,92,4.7,2035,88,4.3,AgroBazaar Pvt Ltd
F1064,Cotton,38,Karnal,17.45,1725,Private,6,Kharif,Krishi Mandal,1800,52,3.7,1742,79,3.3,1428,20,3.5,2337,65,4.6,2635,20,3.2,GreenYield Buyer Group
F1065,Wheat,5,Hisar,11.21,1904,Government,2,Kharif,FieldFresh Traders,2519,28,4.8,2501,37,3.1,2103,99,4.0,1797,93,4.7,1668,62,3.6,AgroBazaar Pvt Ltd
F1066,Sugarcane,47,Panipat,8.03,2113,Private,6,Rabi,GreenYield Buyer Group,1902,62,3.7,2492,38,3.7,1627,31,3.8,2694,20,4.1,2135,43,4.0,FieldFresh Traders
F1067,Mustard,40,Kurukshetra,16.71,1556,Private,6,Rabi,Krishi Mandal,1708,10,3.4,1415,73,4.8,2024,83,4.1,2134,52,3.6,1596,78,3.3,FieldFresh Traders
F1068,Barley,24,Sonipat,18.05,1507,Private,4,Rabi,GreenYield Buyer Group,1413,38,4.9,2683,59,4.7,2321,58,3.7,1952,70,3.1,2152,99,3.4,Krishi Mandal
F1069,Maize,47,Kurukshetra,14.96,1709,Government,3,Kharif,Krishi Mandal,2239,61,4.8,1534,77,3.9,2364,57,5.0,1814,98,5.0,2449,5,4.5,GreenYield Buyer Group
F1070,Sugarcane,11,Karnal,15.92,1808,Government,4,Kharif,FieldFresh Traders,1448,64,3.8,1831,51,4.7,1446,10,4.1,2087,78,3.8,1809,63,4.3,FieldFresh Traders
F1071,Barley,13,Hisar,18.38,2468,Private,3,Rabi,Sarkari Procurement Center,1877,38,3.5,2689,83,4.9,2079,47,4.4,1660,7,3.5,2402,48,4.2,Krishi Mandal
F1072,Mustard,21,Kurukshetra,13.36,1716,Private,5,Rabi,Krishi Mandal,2509,33,4.5,1836,40,4.1,1828,49,3.2,1465,38,4.5,2312,35,3.4,AgroBazaar Pvt Ltd
F1073,Sugarcane,12,Sonipat,13.81,2285,Government,7,Rabi,Krishi Mandal,2109,39,3.3,2268,92,3.3,2501,76,4.0,2564,25,3.2,2194,100,4.2,FieldFresh Traders
F1074,Rice,11,Rohtak,11.99,1640,Private,6,Rabi,Sarkari Procurement Center,1419,77,4.5,1612,55,4.9,1833,86,4.4,1522,79,4.7,2375,79,4.5,GreenYield Buyer Group
F1075,Maize,40,Sonipat,17.15,2282,Private,3,Kharif,FieldFresh Traders,2086,12,4.2,1821,31,4.1,1817,32,3.3,1974,12,3.2,1949,77,3.3,AgroBazaar Pvt Ltd
F1076,Wheat,14,Kurukshetra,12.53,1761,Private,3,Rabi,GreenYield Buyer Group,1402,24,3.3,2501,57,4.2,2519,6,4.5,1679,23,3.7,2553,96,4.9,GreenYield Buyer Group
F1077,Wheat,22,Panipat,19.19,1796,Government,1,Kharif,AgroBazaar Pvt Ltd,2170,94,3.7,2291,75,3.9,2471,86,5.0,1627,45,3.1,2629,85,4.7,GreenYield Buyer Group
F1078,Maize,23,Sonipat,18.44,1835,Government,5,Kharif,Sarkari Procurement Center,2029,90,4.3,1547,76,4.5,1929,30,5.0,2353,64,4.6,2266,90,4.8,FieldFresh Traders
F1079,Rice,43,Hisar,19.77,1622,Private,6,Rabi,AgroBazaar Pvt Ltd,1612,17,3.1,1714,66,4.8,2523,93,4.6,2339,93,4.0,1584,73,4.5,Sarkari Procurement Center
F1080,Barley,18,Sonipat,10.87,1507,Government,5,Rabi,FieldFresh Traders,1820,15,4.8,1448,27,3.9,2389,41,3.9,2256,22,3.4,2265,81,3.5,Sarkari Procurement Center
F1081,Mustard,50,Panipat,12.6,2009,Private,4,Rabi,Krishi Mandal,2485,90,3.5,2340,52,4.3,2675,37,3.2,1750,50,4.6,2154,34,4.7,Sarkari Procurement Center
F1082,Wheat,26,Sonipat,18.27,2264,Government,4,Rabi,Krishi Mandal,1887,49,4.1,2079,76,4.1,1689,13,4.8,2103,25,4.3,2657,49,3.0,GreenYield Buyer Group
F1083,Barley,18,Hisar,12.93,1940,Private,7,Kharif,FieldFresh Traders,2259,74,3.1,1477,76,4.8,1437,44,3.2,1850,11,3.6,1781,43,4.9,AgroBazaar Pvt Ltd
F1084,Rice,48,Rohtak,11.82,1679,Private,3,Rabi,GreenYield Buyer Group,2407,57,5.0,1579,66,4.0,2171,43,3.9,2004,39,4.6,2289,41,4.4,AgroBazaar Pvt Ltd
F1085,Barley,45,Panipat,13.68,1632,Government,7,Rabi,GreenYield Buyer Group,1522,80,4.3,1550,37,3.5,2593,69,4.5,2636,51,3.9,2691,90,4.2,GreenYield Buyer Group
F1086,Wheat,21,Sirsa,18.96,1889,Private,7,Kharif,FieldFresh Traders,1691,34,4.3,1511,44,3.2,2478,75,4.9,1721,58,4.1,2272,96,4.4,Sarkari Procurement Center
F1087,Cotton,37,Kurukshetra,12.57,2045,Private,2,Rabi,FieldFresh Traders,1973,75,3.0,1764,78,3.6,1489,46,3.2,2652,86,3.4,1590,78,4.8,FieldFresh Traders
F1088,Mustard,36,Rohtak,19.86,2220,Government,3,Kharif,FieldFresh Traders,1590,12,4.4,1915,49,3.8,1923,5,4.3,1748,50,3.8,1482,91,3.0,Sarkari Procurement Center
F1089,Cotton,21,Hisar,17.51,1735,Government,1,Kharif,FieldFresh Traders,1489,54,3.8,2542,95,3.3,1748,19,4.6,2583,11,4.2,2451,22,3.9,FieldFresh Traders
F1090,Maize,8,Panipat,15.82,2012,Private,3,Kharif,FieldFresh Traders,1874,71,3.8,1544,55,3.0,1523,92,3.6,2532,42,3.9,2099,96,4.3,FieldFresh Traders
F1091,Barley,10,Kurukshetra,9.83,2072,Government,6,Kharif,FieldFresh Traders,2464,58,4.1,2577,99,4.0,1981,47,3.1,1870,42,4.5,2349,53,4.3,Krishi Mandal
F1092,Mustard,45,Rohtak,19.58,2353,Government,1,Kharif,Krishi Mandal,2245,73,3.9,1866,22,4.5,1811,48,3.7,1577,72,3.4,1859,71,4.7,AgroBazaar Pvt Ltd
F1093,Rice,32,Hisar,9.51,2184,Government,3,Kharif,AgroBazaar Pvt Ltd,2162,92,3.3,1929,89,3.3,2665,55,4.6,2243,86,3.0,1717,99,3.6,Sarkari Procurement Center
F1094,Mustard,22,Sonipat,19.58,2325,Private,4,Kharif,GreenYield Buyer Group,2338,65,4.4,2234,20,3.6,1955,97,3.9,2468,14,4.4,2414,36,4.7,FieldFresh Traders
F1095,Mustard,7,Sirsa,11.98,1862,Government,6,Kharif,AgroBazaar Pvt Ltd,1573,78,4.3,2194,100,4.1,1508,77,4.0,2401,70,4.7,2479,18,3.8,GreenYield Buyer Group
F1096,Rice,5,Sonipat,9.2,1573,Private,3,Kharif,Krishi Mandal,2589,35,3.6,2323,34,4.4,2352,83,3.9,1843,29,4.2,2689,46,3.2,GreenYield Buyer Group
F1097,Maize,26,Sirsa,18.14,1906,Government,6,Kharif,Sarkari Procurement Center,1595,65,4.3,2690,62,4.0,1417,8,4.5,2611,85,3.4,2474,71,4.0,Krishi Mandal
F1098,Mustard,13,Hisar,9.2,2382,Private,4,Rabi,AgroBazaar Pvt Ltd,2435,43,4.3,2228,94,4.5,1536,27,3.8,2369,28,4.9,1571,79,4.0,AgroBazaar Pvt Ltd
F1099,Maize,45,Sirsa,18.93,2259,Private,2,Kharif,Sarkari Procurement Center,1673,15,3.5,2286,25,3.6,2195,29,4.9,2347,17,4.5,1995,29,4.0,FieldFresh Traders
F1100,Maize,21,Rohtak,8.18,1543,Government,2,Kharif,Krishi Mandal,2207,55,4.2,2047,17,4.5,1955,47,4.6,1971,81,3.9,2358,51,3.1,GreenYield Buyer Group
F1101,Maize,15,Kurukshetra,9.73,1946,Private,7,Rabi,GreenYield Buyer Group,1553,96,3.3,1434,32,4.6,2137,48,3.6,1429,26,4.9,2295,63,4.4,GreenYield Buyer Group
F1102,Wheat,33,Sonipat,18.45,1519,Private,5,Kharif,Sarkari Procurement Center,2612,9,4.7,2197,70,4.2,1620,91,3.1,2276,74,4.1,1562,17,3.1,AgroBazaar Pvt Ltd
F1103,Sugarcane,40,Sirsa,19.64,1970,Government,3,Kharif,Krishi Mandal,2562,69,3.2,1642,56,4.6,1439,66,4.8,1905,46,4.2,2378,23,4.8,AgroBazaar Pvt Ltd
F1104,Maize,50,Kurukshetra,8.9,2443,Government,5,Kharif,FieldFresh Traders,1527,78,4.4,2495,48,4.1,1999,65,4.5,1907,45,4.5,2015,96,4.1,Krishi Mandal
F1105,Rice,32,Karnal,17.38,1579,Private,6,Rabi,GreenYield Buyer Group,2290,71,3.2,1412,75,3.4,2191,9,4.5,2070,92,3.9,1704,59,3.6,AgroBazaar Pvt Ltd
F1106,Sugarcane,40,Sirsa,11.18,2382,Government,3,Rabi,FieldFresh Traders,1667,78,3.2,2666,83,4.8,1873,87,4.1,2289,43,4.1,1661,57,3.8,Krishi Mandal
F1107,Maize,5,Karnal,15.48,1820,Government,2,Rabi,GreenYield Buyer Group,1884,91,3.2,1529,94,3.9,2179,22,3.1,2586,39,4.3,2015,15,3.7,FieldFresh Traders
F1108,Rice,12,Kurukshetra,12.77,2089,Private,1,Rabi,GreenYield Buyer Group,1997,84,3.4,2599,92,3.5,2441,66,3.9,1855,92,4.0,1909,16,4.8,Krishi Mandal
F1109,Rice,9,Panipat,8.96,1939,Private,5,Kharif,AgroBazaar Pvt Ltd,1934,23,3.4,1493,95,4.4,1603,24,3.3,2611,94,3.7,2471,12,4.6,FieldFresh Traders
F1110,Cotton,49,Kurukshetra,11.94,2087,Private,6,Kharif,GreenYield Buyer Group,2045,20,3.5,1548,11,4.3,2046,85,3.1,1705,93,3.3,2275,59,5.0,GreenYield Buyer Group
F1111,Cotton,14,Rohtak,16.09,1914,Government,5,Kharif,AgroBazaar Pvt Ltd,2204,62,4.0,2132,25,4.7,2392,63,5.0,2574,51,3.3,2005,21,3.5,FieldFresh Traders
F1112,Mustard,39,Panipat,14.4,2226,Private,2,Rabi,Sarkari Procurement Center,2068,27,3.4,2429,54,3.4,2622,73,4.6,1410,17,4.4,2564,65,4.4,Sarkari Procurement Center
F1113,Maize,7,Sonipat,19.45,2155,Government,2,Rabi,GreenYield Buyer Group,2051,26,4.4,1617,86,3.2,2488,47,4.2,2255,73,3.6,1497,32,4.9,Sarkari Procurement Center
F1114,Maize,28,Panipat,15.52,1927,Private,1,Kharif,Sarkari Procurement Center,2327,32,3.6,1993,5,4.3,1580,64,3.6,1490,79,3.9,2528,62,4.8,GreenYield Buyer Group
F1115,Sugarcane,42,Sonipat,18.65,1796,Private,6,Rabi,GreenYield Buyer Group,1956,29,3.1,2017,16,4.0,1781,57,3.2,1482,50,3.6,1556,14,3.4,Krishi Mandal
F1116,Rice,40,Sirsa,13.86,1617,Private,5,Kharif,AgroBazaar Pvt Ltd,1878,21,4.0,2642,23,4.6,1807,100,4.0,2363,23,4.7,1492,52,3.7,Krishi Mandal
F1117,Maize,14,Sirsa,14.49,1914,Private,2,Rabi,FieldFresh Traders,1552,10,3.4,1577,65,4.2,2425,12,4.7,2432,6,3.1,2451,91,3.1,GreenYield Buyer Group
F1118,Mustard,32,Sirsa,15.41,1521,Government,6,Kharif,GreenYield Buyer Group,1815,59,4.9,1976,81,4.4,2337,71,3.6,1468,22,3.4,1620,72,4.3,Sarkari Procurement Center
F1119,Barley,13,Sonipat,10.82,2489,Government,2,Kharif,Krishi Mandal,1678,15,3.7,2296,60,3.5,2548,43,3.3,2271,71,3.8,2445,56,3.1,Sarkari Procurement Center
F1120,Barley,7,Kurukshetra,16.21,1832,Government,1,Kharif,FieldFresh Traders,2597,92,3.0,2181,16,4.3,1444,77,3.6,2487,41,4.6,2270,80,3.9,AgroBazaar Pvt Ltd
F1121,Barley,24,Panipat,11.45,1675,Government,1,Kharif,AgroBazaar Pvt Ltd,1623,60,4.3,2209,13,4.1,1481,97,4.7,2207,52,4.3,2245,76,3.0,GreenYield Buyer Group
F1122,Wheat,28,Rohtak,10.73,2320,Government,4,Kharif,Krishi Mandal,1718,30,4.8,1463,38,3.5,1906,91,3.0,2381,67,3.5,1593,71,4.6,FieldFresh Traders
F1123,Rice,7,Rohtak,9.08,2470,Private,3,Kharif,Sarkari Procurement Center,1616,85,4.7,2370,33,3.4,2484,45,3.2,1600,57,4.2,2351,55,4.9,Sarkari Procurement Center
F1124,Barley,27,Sonipat,19.74,2132,Private,6,Rabi,AgroBazaar Pvt Ltd,1736,23,4.3,1720,52,3.1,2024,76,3.3,2326,48,3.8,2564,38,4.7,GreenYield Buyer Group
F1125,Wheat,18,Karnal,17.12,1971,Government,4,Kharif,FieldFresh Traders,2320,81,3.3,2492,15,3.3,2083,73,4.2,2414,25,3.2,1918,79,3.5,Krishi Mandal
F1126,Barley,48,Sonipat,16.45,2351,Government,1,Rabi,Sarkari Procurement Center,2354,38,3.2,1850,82,3.2,2403,7,3.3,1892,18,3.4,2127,68,3.9,Sarkari Procurement Center
F1127,Mustard,20,Hisar,9.21,2206,Private,6,Rabi,Sarkari Procurement Center,2043,45,4.0,1679,9,3.9,2205,31,3.9,1570,32,3.5,1921,86,4.9,Sarkari Procurement Center
F1128,Cotton,47,Rohtak,10.0,2441,Government,7,Kharif,AgroBazaar Pvt Ltd,2232,98,4.4,2200,97,3.9,1721,78,4.6,2543,24,4.7,2599,59,4.7,GreenYield Buyer Group
F1129,Mustard,11,Sirsa,11.59,1870,Government,2,Rabi,FieldFresh Traders,1647,13,3.2,2517,54,4.4,1437,92,3.5,1425,69,3.9,1567,61,4.6,Krishi Mandal
F1130,Wheat,27,Karnal,8.35,1590,Private,1,Rabi,AgroBazaar Pvt Ltd,2497,16,3.5,2004,56,4.0,2110,47,4.4,2232,33,4.1,2431,93,4.0,AgroBazaar Pvt Ltd
F1131,Rice,40,Sonipat,11.89,1947,Government,5,Rabi,Krishi Mandal,2133,54,3.5,2698,83,3.6,2120,50,4.0,1846,29,3.9,1433,67,3.5,Krishi Mandal
F1132,Sugarcane,31,Sirsa,8.67,2364,Government,2,Rabi,Krishi Mandal,1825,76,5.0,1695,88,3.3,2127,13,4.6,1671,76,4.3,1633,98,3.1,Sarkari Procurement Center
F1133,Maize,44,Panipat,12.3,1608,Government,4,Rabi,GreenYield Buyer Group,2325,55,3.6,2010,71,4.9,2680,24,4.7,2134,83,3.1,2347,58,4.2,Sarkari Procurement Center
F1134,Mustard,14,Panipat,13.17,1749,Government,6,Rabi,Sarkari Procurement Center,2031,75,3.9,2164,41,3.0,2019,40,3.7,2005,93,3.3,1767,25,3.9,Krishi Mandal
F1135,Rice,20,Kurukshetra,10.93,1946,Government,4,Kharif,GreenYield Buyer Group,2348,46,3.2,1422,96,4.9,1883,8,3.2,1889,72,3.3,1773,23,3.2,AgroBazaar Pvt Ltd
F1136,Maize,15,Sirsa,12.94,2103,Government,4,Rabi,FieldFresh Traders,1942,40,3.3,2533,81,3.6,2426,48,3.3,1585,73,3.5,2204,69,3.9,Krishi Mandal
F1137,Cotton,16,Rohtak,16.18,1910,Private,6,Rabi,Krishi Mandal,1645,71,3.1,2536,12,3.3,1964,53,4.9,1432,96,4.6,1492,21,3.2,Krishi Mandal
F1138,Cotton,31,Hisar,10.16,2036,Government,2,Rabi,GreenYield Buyer Group,1585,63,3.6,1689,27,3.9,1526,85,3.3,2382,75,4.3,1570,67,4.9,FieldFresh Traders
F1139,Maize,6,Sirsa,10.1,1580,Government,7,Rabi,Krishi Mandal,1722,6,4.6,1652,86,3.0,2681,73,4.0,2024,94,3.4,2252,96,4.8,Sarkari Procurement Center
F1140,Cotton,16,Sonipat,15.31,1905,Government,3,Rabi,Krishi Mandal,2023,94,3.6,1485,68,3.2,1927,26,5.0,1731,19,4.7,2009,63,3.8,AgroBazaar Pvt Ltd
F1141,Rice,26,Rohtak,12.59,2391,Government,3,Rabi,Krishi Mandal,2635,84,4.5,1410,61,3.0,2192,78,4.5,2340,58,4.9,2042,21,4.8,AgroBazaar Pvt Ltd
F1142,Mustard,31,Karnal,16.2,1817,Private,3,Kharif,AgroBazaar Pvt Ltd,1482,80,3.2,2572,6,3.4,1460,82,3.5,2568,63,4.0,2602,95,4.4,GreenYield Buyer Group
F1143,Rice,47,Sirsa,13.97,2263,Government,6,Kharif,GreenYield Buyer Group,1840,71,4.5,2621,30,3.8,2536,54,3.9,2595,14,3.0,2331,70,4.6,Krishi Mandal
F1144,Rice,20,Karnal,15.0,1847,Private,1,Rabi,Sarkari Procurement Center,2071,58,3.1,2207,89,4.6,1973,28,4.3,1449,19,4.7,2321,72,3.1,GreenYield Buyer Group
F1145,Maize,22,Rohtak,10.79,1726,Government,7,Kharif,GreenYield Buyer Group,1703,19,4.7,2500,71,4.0,1861,81,3.4,2331,21,3.2,2677,20,4.6,GreenYield Buyer Group
F1146,Sugarcane,15,Sonipat,15.65,1841,Private,1,Kharif,Sarkari Procurement Center,1586,58,4.3,2521,41,3.7,1710,19,4.5,2349,7,4.2,1942,93,3.1,Krishi Mandal
F1147,Sugarcane,49,Rohtak,13.51,2297,Government,6,Rabi,GreenYield Buyer Group,1908,24,3.3,1574,29,4.4,2099,44,3.7,1683,66,4.7,2099,32,4.2,Sarkari Procurement Center
F1148,Mustard,11,Rohtak,16.0,1672,Government,5,Rabi,GreenYield Buyer Group,2128,23,3.7,2024,9,3.1,2204,95,4.3,2230,49,4.8,1783,63,3.9,FieldFresh Traders
F1149,Maize,29,Rohtak,18.79,1578,Private,2,Kharif,Krishi Mandal,2211,77,3.9,1830,81,3.2,1681,45,4.5,1778,44,3.8,1832,65,3.2,AgroBazaar Pvt Ltd
F1150,Sugarcane,7,Panipat,13.58,2022,Private,5,Rabi,Sarkari Procurement Center,2451,80,4.2,2104,70,4.5,1579,95,3.2,2158,93,3.7,1779,9,3.1,AgroBazaar Pvt Ltd
F1151,Cotton,35,Kurukshetra,11.45,2148,Government,6,Rabi,Sarkari Procurement Center,1500,79,4.8,1833,71,3.3,2182,9,3.3,2683,51,4.3,1560,100,3.1,FieldFresh Traders
F1152,Sugarcane,19,Rohtak,14.56,1616,Government,6,Kharif,Sarkari Procurement Center,2012,17,3.2,2245,94,3.5,2466,39,3.8,2350,22,3.2,2637,25,4.7,GreenYield Buyer Group
F1153,Cotton,17,Panipat,8.89,2043,Government,7,Kharif,GreenYield Buyer Group,1932,18,4.6,2449,34,3.8,2654,57,3.6,2697,61,4.9,1931,76,3.8,FieldFresh Traders
F1154,Mustard,34,Hisar,19.34,2022,Government,1,Rabi,Sarkari Procurement Center,1756,77,3.4,1691,83,4.1,2681,16,4.5,1402,81,4.4,1617,52,4.2,Sarkari Procurement Center
F1155,Rice,27,Panipat,19.85,1698,Government,2,Kharif,GreenYield Buyer Group,1463,17,3.8,1729,26,3.4,1865,68,4.5,2684,71,3.3,2288,20,3.8,FieldFresh Traders
F1156,Rice,24,Karnal,11.59,2427,Private,4,Rabi,AgroBazaar Pvt Ltd,2228,41,4.9,1776,91,4.8,2254,35,4.1,1544,48,3.2,2494,82,4.7,GreenYield Buyer Group
F1157,Sugarcane,19,Hisar,19.54,2294,Government,7,Rabi,Krishi Mandal,2326,73,3.5,1852,9,3.5,1892,52,3.8,2188,27,4.5,1436,57,4.6,AgroBazaar Pvt Ltd
F1158,Cotton,19,Karnal,16.28,1857,Government,2,Rabi,FieldFresh Traders,2538,49,3.8,2663,51,3.8,2573,62,4.4,2081,95,4.9,1411,19,4.2,Krishi Mandal
F1159,Wheat,6,Kurukshetra,13.48,1859,Government,1,Rabi,AgroBazaar Pvt Ltd,2526,57,4.7,1917,35,3.0,1712,43,3.9,2487,43,4.0,2208,20,3.9,AgroBazaar Pvt Ltd
F1160,Barley,47,Sirsa,11.63,2244,Private,7,Rabi,Sarkari Procurement Center,1911,38,4.6,1797,88,4.9,2273,32,3.3,1466,8,4.7,1638,52,3.9,Sarkari Procurement Center
F1161,Wheat,17,Sirsa,19.99,2481,Government,4,Rabi,Krishi Mandal,1593,54,4.3,1634,5,4.4,2039,72,4.7,2007,100,4.9,1427,78,3.9,Sarkari Procurement Center
F1162,Barley,30,Panipat,18.24,2338,Government,7,Kharif,Krishi Mandal,2346,88,4.6,1771,25,3.8,2639,43,3.0,2272,20,4.9,1751,42,4.2,Sarkari Procurement Center
F1163,Wheat,26,Sonipat,9.28,2160,Government,4,Kharif,Krishi Mandal,1608,67,3.2,2561,16,4.9,2074,27,4.9,1952,33,3.5,2377,10,3.2,Krishi Mandal
F1164,Rice,22,Karnal,12.58,2334,Private,2,Kharif,Krishi Mandal,1686,78,4.4,1511,40,3.5,2319,19,3.9,2654,21,4.8,2342,71,4.3,FieldFresh Traders
F1165,Maize,9,Kurukshetra,12.31,1651,Private,6,Kharif,Sarkari Procurement Center,1648,82,3.1,2524,56,5.0,2510,52,4.4,2510,93,3.5,2229,24,4.4,Krishi Mandal
F1166,Rice,22,Sirsa,11.55,1741,Government,7,Rabi,Krishi Mandal,1424,65,4.9,2344,50,3.4,1669,9,4.9,2578,23,3.2,2632,20,3.1,GreenYield Buyer Group
F1167,Barley,27,Kurukshetra,16.39,1605,Government,3,Kharif,FieldFresh Traders,1526,9,3.3,2525,90,4.5,1823,30,4.4,1824,93,4.6,2396,52,4.0,Krishi Mandal
F1168,Maize,46,Kurukshetra,8.26,1649,Private,1,Kharif,FieldFresh Traders,1855,27,3.8,1549,55,3.2,1683,16,3.1,1565,34,3.7,2020,44,4.2,GreenYield Buyer Group
F1169,Cotton,37,Sirsa,17.96,1762,Private,1,Kharif,Krishi Mandal,1667,40,4.2,1995,56,4.3,2589,61,4.8,2670,44,4.2,2666,52,3.2,FieldFresh Traders
F1170,Sugarcane,30,Sirsa,12.75,1702,Private,3,Rabi,GreenYield Buyer Group,1805,56,4.6,1537,80,3.4,2508,69,4.3,2087,21,3.8,2663,43,3.0,GreenYield Buyer Group
F1171,Wheat,48,Sonipat,8.1,1677,Government,5,Rabi,Sarkari Procurement Center,2220,23,4.4,1913,30,3.8,1814,8,4.9,1512,31,4.5,2138,42,4.4,AgroBazaar Pvt Ltd
F1172,Cotton,39,Hisar,18.38,2116,Private,5,Kharif,FieldFresh Traders,2162,84,3.4,1601,71,4.9,1682,66,3.9,2454,21,3.5,2208,67,4.2,FieldFresh Traders
F1173,Cotton,26,Hisar,17.34,1656,Private,1,Rabi,FieldFresh Traders,2690,82,3.8,1804,6,4.9,2032,69,4.8,2145,15,3.8,2019,8,4.7,AgroBazaar Pvt Ltd
F1174,Sugarcane,6,Rohtak,19.68,2278,Private,3,Rabi,FieldFresh Traders,1572,92,3.7,2589,99,3.3,2472,24,4.7,1505,59,3.3,1579,23,4.8,Krishi Mandal
F1175,Cotton,12,Karnal,18.93,2277,Private,3,Rabi,AgroBazaar Pvt Ltd,2592,93,3.1,2397,95,4.5,1676,29,3.7,1627,93,3.4,1656,23,3.3,AgroBazaar Pvt Ltd
F1176,Sugarcane,21,Sirsa,16.94,2171,Government,4,Kharif,AgroBazaar Pvt Ltd,2600,56,4.4,2077,13,4.5,2280,48,3.5,2184,19,4.9,1676,80,4.0,AgroBazaar Pvt Ltd
F1177,Mustard,16,Kurukshetra,17.99,1577,Government,6,Kharif,FieldFresh Traders,1930,9,4.7,2131,16,4.1,1697,66,3.2,2148,14,3.9,1428,58,3.7,FieldFresh Traders
F1178,Sugarcane,42,Karnal,18.84,1681,Government,5,Kharif,GreenYield Buyer Group,1553,55,4.9,1662,75,3.2,2556,98,4.3,2353,7,3.5,1790,11,4.0,Sarkari Procurement Center
F1179,Barley,21,Rohtak,17.31,2474,Private,5,Kharif,Sarkari Procurement Center,1444,47,3.3,1880,41,4.0,1723,72,3.8,2667,66,4.2,1629,44,4.2,FieldFresh Traders
F1180,Wheat,7,Kurukshetra,10.76,2291,Private,4,Rabi,Sarkari Procurement Center,1532,93,4.8,1604,97,3.6,2050,44,4.5,1483,60,4.0,1432,41,3.4,Sarkari Procurement Center
F1181,Maize,11,Panipat,17.62,2143,Government,2,Rabi,FieldFresh Traders,1804,35,3.2,1983,76,3.7,1538,46,4.5,2148,10,3.7,1785,32,3.3,FieldFresh Traders
F1182,Maize,43,Rohtak,10.63,2005,Government,7,Rabi,FieldFresh Traders,2308,11,3.8,2668,79,3.1,2541,23,4.5,2150,30,4.9,1454,28,3.1,Krishi Mandal
F1183,Wheat,32,Sirsa,10.28,1975,Government,5,Rabi,Sarkari Procurement Center,1663,100,3.1,1542,49,4.3,2491,17,4.2,1758,18,3.6,1828,99,3.3,Sarkari Procurement Center
F1184,Maize,27,Panipat,11.01,2272,Government,4,Kharif,GreenYield Buyer Group,1588,65,3.5,1796,49,4.9,1642,71,3.4,2544,9,3.8,2385,67,4.2,FieldFresh Traders
F1185,Sugarcane,25,Panipat,17.07,2077,Private,3,Kharif,AgroBazaar Pvt Ltd,2079,39,3.6,2050,40,3.5,1777,91,3.7,1537,89,4.4,1697,5,4.0,AgroBazaar Pvt Ltd
F1186,Barley,32,Rohtak,17.21,2278,Private,2,Kharif,AgroBazaar Pvt Ltd,1650,52,4.4,2395,33,3.9,2050,21,4.4,2548,70,4.9,1895,20,4.3,FieldFresh Traders
F1187,Mustard,43,Sirsa,16.17,2093,Government,7,Rabi,FieldFresh Traders,1487,7,4.4,2322,82,3.0,1698,31,3.4,1819,80,4.8,2292,75,3.7,Krishi Mandal
F1188,Barley,37,Kurukshetra,9.64,1959,Government,1,Rabi,Sarkari Procurement Center,2344,48,4.5,2072,29,4.6,1460,97,4.1,1683,12,4.9,2682,49,4.2,GreenYield Buyer Group
F1189,Maize,12,Panipat,9.17,2197,Government,3,Rabi,AgroBazaar Pvt Ltd,1503,43,4.2,2662,63,4.2,2052,9,4.3,2085,65,3.7,2503,13,4.1,Krishi Mandal
F1190,Mustard,29,Rohtak,15.53,2446,Government,2,Rabi,GreenYield Buyer Group,1744,44,4.1,2026,56,3.8,2247,63,4.7,1888,20,4.4,1790,10,3.3,Sarkari Procurement Center
F1191,Wheat,41,Rohtak,8.47,2403,Private,6,Kharif,FieldFresh Traders,2575,40,5.0,2596,78,3.5,2242,54,3.0,2505,37,4.6,1576,58,3.9,Krishi Mandal
F1192,Mustard,17,Kurukshetra,17.46,2078,Private,4,Kharif,Krishi Mandal,2287,67,4.3,1712,5,4.9,2021,96,3.2,1632,10,3.0,2016,66,4.2,AgroBazaar Pvt Ltd
F1193,Cotton,21,Sirsa,8.4,2158,Private,6,Rabi,FieldFresh Traders,2208,94,3.7,2558,38,4.2,2307,71,3.2,2379,13,4.9,2349,78,3.6,Krishi Mandal
F1194,Rice,7,Rohtak,12.38,2150,Private,3,Rabi,Krishi Mandal,2416,92,4.0,2560,27,4.4,1960,19,3.9,2588,43,4.2,1703,44,4.9,FieldFresh Traders
F1195,Cotton,50,Rohtak,9.58,2139,Government,6,Kharif,FieldFresh Traders,1460,17,4.4,2146,57,4.4,1711,5,3.4,1829,90,4.7,2370,77,4.0,GreenYield Buyer Group
F1196,Wheat,32,Rohtak,18.92,1830,Government,2,Rabi,Sarkari Procurement Center,2183,34,3.2,2047,69,3.3,1784,44,3.6,1861,6,4.3,2264,62,4.3,GreenYield Buyer Group
F1197,Maize,5,Karnal,11.92,2384,Private,1,Rabi,Sarkari Procurement Center,2273,22,4.3,2277,18,4.5,1618,10,3.4,2056,17,4.9,1444,48,3.3,Krishi Mandal
F1198,Maize,38,Hisar,12.99,2494,Government,6,Kharif,Sarkari Procurement Center,1753,43,3.5,1745,76,3.5,1669,92,3.0,2122,20,4.4,1638,53,3.5,FieldFresh Traders
F1199,Mustard,39,Kurukshetra,10.41,2142,Government,3,Rabi,Sarkari Procurement Center,2124,100,3.7,1409,14,4.0,1778,81,3.2,1947,82,4.6,1740,65,4.6,AgroBazaar Pvt Ltd
F1200,Sugarcane,48,Karnal,17.44,1823,Government,7,Rabi,GreenYield Buyer Group,1839,61,4.4,2041,69,4.4,1453,16,4.9,2431,31,3.5,1712,97,4.1,FieldFresh Traders
F1201,Barley,47,Rohtak,18.52,1654,Private,3,Rabi,GreenYield Buyer Group,1783,46,3.8,1904,42,3.7,2653,47,4.3,2266,80,4.1,2311,82,3.1,Sarkari Procurement Center
F1202,Rice,17,Hisar,12.39,1950,Government,5,Kharif,Krishi Mandal,1963,39,4.7,1853,48,4.9,2663,64,4.7,1967,30,3.6,2393,21,3.7,Sarkari Procurement Center
F1203,Sugarcane,28,Kurukshetra,14.02,1569,Government,6,Rabi,GreenYield Buyer Group,1973,98,4.1,2293,19,4.5,1946,10,4.9,1511,28,4.9,2365,22,5.0,GreenYield Buyer Group
F1204,Wheat,32,Panipat,11.27,1980,Private,7,Kharif,FieldFresh Traders,2313,58,5.0,1966,70,3.1,2640,18,4.3,1529,90,3.7,1440,69,4.3,Sarkari Procurement Center
F1205,Barley,9,Sonipat,9.97,1952,Private,2,Rabi,Sarkari Procurement Center,1704,82,3.1,2136,37,3.7,2561,71,4.4,2163,49,4.6,2320,86,3.4,Sarkari Procurement Center
F1206,Maize,47,Kurukshetra,18.97,2146,Private,2,Rabi,AgroBazaar Pvt Ltd,1470,87,4.3,1675,73,3.3,2654,89,3.2,2107,8,3.2,2598,63,3.1,Sarkari Procurement Center
F1207,Mustard,26,Karnal,19.33,1810,Private,5,Kharif,AgroBazaar Pvt Ltd,2657,16,3.3,2079,78,4.1,1872,100,4.7,2326,16,4.7,1896,62,3.4,AgroBazaar Pvt Ltd
F1208,Barley,44,Karnal,19.61,2315,Government,7,Kharif,AgroBazaar Pvt Ltd,2668,29,4.7,2382,37,3.2,2621,44,3.3,2395,23,4.7,1812,90,4.0,AgroBazaar Pvt Ltd
F1209,Maize,25,Karnal,11.54,1781,Private,6,Kharif,FieldFresh Traders,2663,61,4.7,2347,93,4.0,1875,7,4.3,2426,100,3.8,2003,62,4.4,AgroBazaar Pvt Ltd
F1210,Sugarcane,47,Kurukshetra,18.44,2105,Government,4,Rabi,AgroBazaar Pvt Ltd,1903,32,4.7,2312,61,3.6,1872,78,4.8,2478,40,4.8,2566,24,3.9,GreenYield Buyer Group
F1211,Sugarcane,12,Sirsa,17.65,1557,Private,7,Rabi,AgroBazaar Pvt Ltd,2004,57,3.1,2134,53,4.1,1453,44,4.1,1651,79,3.8,2202,98,4.4,GreenYield Buyer Group
F1212,Rice,24,Rohtak,13.62,1860,Government,4,Kharif,Krishi Mandal,2421,99,4.0,2025,77,4.3,2135,86,4.9,2362,49,5.0,1504,46,4.7,AgroBazaar Pvt Ltd
F1213,Rice,37,Kurukshetra,8.9,2019,Government,5,Rabi,FieldFresh Traders,2243,67,3.5,2397,66,3.7,1562,31,4.8,2489,50,3.5,2083,16,4.1,FieldFresh Traders
F1214,Mustard,24,Panipat,17.05,1575,Private,3,Rabi,FieldFresh Traders,2527,71,4.9,2529,36,4.8,2376,46,4.4,2491,25,3.2,1416,84,3.7,Krishi Mandal
F1215,Barley,47,Sonipat,10.71,1817,Government,1,Kharif,AgroBazaar Pvt Ltd,2381,52,3.1,1622,48,4.5,1674,30,3.5,1998,69,4.6,1610,90,3.6,AgroBazaar Pvt Ltd
F1216,Rice,31,Panipat,16.12,1972,Government,4,Rabi,FieldFresh Traders,1524,12,3.4,1759,63,3.0,2428,29,3.9,2325,98,3.5,2691,84,3.7,GreenYield Buyer Group
F1217,Sugarcane,25,Panipat,16.09,1962,Private,6,Rabi,Krishi Mandal,1579,70,4.3,2642,92,3.8,2638,41,4.9,2671,83,3.4,2284,57,3.2,FieldFresh Traders
F1218,Barley,30,Rohtak,12.77,1538,Private,1,Kharif,Krishi Mandal,1972,25,3.8,1567,63,4.4,2360,40,4.3,2153,35,4.8,2251,54,4.8,Sarkari Procurement Center
F1219,Sugarcane,49,Hisar,18.15,1558,Government,2,Kharif,Sarkari Procurement Center,2184,13,3.5,1974,80,3.5,2165,73,4.8,1534,69,4.8,2415,34,4.8,GreenYield Buyer Group
F1220,Wheat,23,Sonipat,14.69,1877,Private,2,Kharif,Krishi Mandal,1681,44,3.9,1686,8,3.1,1776,45,3.6,1785,77,4.3,2585,55,4.0,GreenYield Buyer Group
F1221,Sugarcane,40,Karnal,9.08,2351,Private,4,Rabi,Sarkari Procurement Center,2258,95,4.6,2503,66,4.4,2193,61,3.9,2337,13,4.8,2620,48,4.8,GreenYield Buyer Group
F1222,Mustard,13,Rohtak,12.73,1793,Private,3,Kharif,AgroBazaar Pvt Ltd,1808,69,3.9,1802,19,4.1,2406,90,4.8,1578,17,4.5,2535,74,4.3,GreenYield Buyer Group
F1223,Cotton,17,Karnal,11.17,1578,Private,2,Kharif,Sarkari Procurement Center,2476,56,4.7,1939,38,4.1,2370,20,4.5,1564,79,3.8,1995,10,4.4,AgroBazaar Pvt Ltd
F1224,Wheat,31,Rohtak,9.48,2160,Private,1,Kharif,Sarkari Procurement Center,1910,22,3.9,2683,13,4.0,1681,39,3.6,2200,6,3.1,1475,90,3.9,Krishi Mandal
F1225,Wheat,47,Karnal,12.42,2384,Government,3,Rabi,AgroBazaar Pvt Ltd,2691,72,3.2,1556,53,4.1,1735,24,3.3,1766,72,4.7,2398,61,3.4,AgroBazaar Pvt Ltd
F1226,Mustard,29,Rohtak,16.99,2500,Private,4,Kharif,Sarkari Procurement Center,2513,77,4.0,1554,86,4.1,1795,25,3.1,1990,32,4.6,2218,99,4.0,AgroBazaar Pvt Ltd
F1227,Barley,48,Hisar,11.15,2375,Government,2,Kharif,Krishi Mandal,1439,8,4.3,1438,33,3.6,1863,40,4.6,1557,96,4.9,2395,40,4.5,GreenYield Buyer Group
F1228,Barley,16,Kurukshetra,12.57,1592,Government,4,Kharif,AgroBazaar Pvt Ltd,2183,27,3.2,2438,91,3.9,1466,19,3.8,1623,29,3.9,2451,87,4.6,GreenYield Buyer Group
F1229,Mustard,44,Panipat,15.66,2129,Government,7,Rabi,FieldFresh Traders,2135,29,3.8,2693,94,4.7,2236,6,3.7,1737,41,3.8,2610,16,4.6,Krishi Mandal
F1230,Rice,41,Karnal,12.46,2108,Private,3,Kharif,Sarkari Procurement Center,2382,30,4.1,1463,34,4.2,1430,84,3.1,1965,26,4.7,2652,26,3.8,GreenYield Buyer Group
F1231,Wheat,24,Rohtak,16.1,2019,Private,3,Rabi,Krishi Mandal,2515,12,3.0,2591,45,4.7,1952,76,4.9,1629,73,4.4,2399,95,3.8,Krishi Mandal
F1232,Rice,30,Hisar,13.66,1893,Private,3,Kharif,FieldFresh Traders,2392,36,3.2,2585,57,3.3,2245,70,3.5,1703,5,4.8,1874,8,4.7,Krishi Mandal
F1233,Sugarcane,40,Hisar,15.43,1973,Government,5,Rabi,AgroBazaar Pvt Ltd,2104,9,4.2,2229,50,4.1,1855,18,3.9,2416,97,4.6,1524,78,3.0,FieldFresh Traders
F1234,Wheat,5,Panipat,19.32,2094,Government,6,Rabi,AgroBazaar Pvt Ltd,2558,63,4.2,2608,71,3.9,1815,31,4.0,1708,17,4.6,2481,85,3.0,Krishi Mandal
F1235,Wheat,24,Rohtak,11.94,2067,Government,5,Rabi,AgroBazaar Pvt Ltd,2428,11,3.6,1835,73,4.6,1818,74,4.9,1818,32,4.4,1438,95,3.7,AgroBazaar Pvt Ltd
F1236,Maize,23,Kurukshetra,15.32,2477,Government,1,Kharif,Krishi Mandal,2058,51,4.0,1475,6,4.1,1535,49,4.2,2466,69,4.0,2264,44,4.1,FieldFresh Traders
F1237,Cotton,18,Karnal,15.77,2310,Government,3,Rabi,FieldFresh Traders,2195,95,3.4,2529,94,3.9,1762,75,3.4,2684,95,3.7,2580,76,3.3,FieldFresh Traders
F1238,Barley,32,Kurukshetra,15.62,2256,Private,6,Kharif,AgroBazaar Pvt Ltd,1953,30,4.3,1933,38,4.6,2299,45,4.0,1446,65,4.2,2046,87,3.9,Sarkari Procurement Center
F1239,Wheat,42,Sonipat,13.57,2417,Private,3,Rabi,Krishi Mandal,1768,40,4.9,2513,36,4.0,2663,39,3.3,2000,51,4.6,2533,20,4.3,Sarkari Procurement Center
F1240,Barley,43,Sonipat,16.41,1542,Government,6,Kharif,GreenYield Buyer Group,1453,52,3.7,2505,41,4.5,2403,23,4.5,2253,94,4.5,1530,87,4.8,Krishi Mandal
F1241,Sugarcane,46,Sirsa,15.79,1960,Private,2,Kharif,Krishi Mandal,2053,64,3.1,2366,16,4.8,2065,95,3.4,2508,80,3.9,1948,76,3.7,FieldFresh Traders
F1242,Barley,25,Hisar,9.4,2430,Government,1,Kharif,GreenYield Buyer Group,2622,69,3.4,1704,56,4.2,2337,41,4.3,1670,28,3.1,2254,15,5.0,AgroBazaar Pvt Ltd
F1243,Rice,34,Sonipat,8.54,2329,Government,6,Rabi,FieldFresh Traders,1848,55,3.9,2149,91,3.7,1905,78,4.8,2370,61,3.1,2369,29,3.4,FieldFresh Traders
F1244,Rice,33,Hisar,8.45,2085,Government,1,Rabi,AgroBazaar Pvt Ltd,1460,86,4.1,2203,100,4.2,2275,36,4.4,2110,91,4.3,1639,84,3.6,Sarkari Procurement Center
F1245,Maize,33,Panipat,19.95,2167,Private,4,Rabi,AgroBazaar Pvt Ltd,1975,20,4.2,1857,48,3.6,2229,26,3.2,2260,18,4.3,2413,74,3.4,GreenYield Buyer Group
F1246,Cotton,48,Rohtak,9.39,1692,Private,3,Kharif,Sarkari Procurement Center,1519,92,3.9,2607,14,3.1,1485,14,3.1,2309,28,4.6,2675,78,3.5,GreenYield Buyer Group
F1247,Sugarcane,18,Sirsa,10.82,1829,Private,2,Kharif,AgroBazaar Pvt Ltd,2366,8,4.3,1995,75,4.9,2645,44,4.1,1443,50,3.3,2110,11,3.3,Sarkari Procurement Center
F1248,Rice,37,Sirsa,14.45,2119,Government,4,Kharif,FieldFresh Traders,2484,35,4.4,1674,27,4.6,2179,83,3.5,1997,53,3.8,2318,77,4.7,AgroBazaar Pvt Ltd
F1249,Mustard,35,Sirsa,12.66,1987,Private,6,Kharif,Krishi Mandal,2132,52,3.2,2351,65,3.4,2040,48,3.9,1787,59,4.3,2293,71,3.5,Krishi Mandal
F1250,Sugarcane,15,Rohtak,12.45,2013,Private,5,Rabi,FieldFresh Traders,2596,67,4.5,2426,45,4.4,2207,74,4.8,1528,32,3.6,1442,29,3.4,AgroBazaar Pvt Ltd
F1251,Barley,47,Karnal,19.39,1654,Private,6,Rabi,AgroBazaar Pvt Ltd,1876,81,3.4,2445,50,4.5,2652,61,3.3,1445,70,3.2,1730,65,3.4,Sarkari Procurement Center
F1252,Sugarcane,10,Hisar,16.36,2480,Government,7,Rabi,Krishi Mandal,1726,62,3.7,1585,32,3.3,2571,11,4.3,1875,34,3.3,1989,69,3.5,Sarkari Procurement Center
F1253,Cotton,23,Rohtak,14.48,1563,Private,3,Rabi,FieldFresh Traders,1605,27,4.7,2212,78,3.6,2616,21,4.9,2464,57,4.0,1793,7,3.2,Sarkari Procurement Center
F1254,Rice,37,Sonipat,15.05,1961,Private,6,Kharif,AgroBazaar Pvt Ltd,1907,65,4.9,2145,39,3.8,2498,8,4.3,2087,19,4.9,2361,20,4.7,Sarkari Procurement Center
F1255,Sugarcane,47,Sirsa,16.72,1605,Government,1,Kharif,AgroBazaar Pvt Ltd,1893,80,3.6,2428,28,3.6,2475,65,3.5,2243,45,4.7,2104,89,3.3,Sarkari Procurement Center
F1256,Barley,45,Hisar,18.62,2330,Private,6,Kharif,AgroBazaar Pvt Ltd,1945,75,4.0,1421,100,3.2,1478,91,4.4,2585,20,4.5,2297,73,4.3,FieldFresh Traders
F1257,Maize,44,Sonipat,15.86,2420,Government,3,Rabi,Sarkari Procurement Center,2492,49,4.4,1889,92,4.3,2466,11,4.8,2102,64,4.7,1875,28,4.8,AgroBazaar Pvt Ltd
F1258,Maize,26,Hisar,18.0,2357,Government,3,Rabi,Sarkari Procurement Center,1514,49,3.1,2657,29,3.1,1623,18,4.1,2068,19,4.4,2439,7,3.7,Krishi Mandal
F1259,Rice,10,Sirsa,15.39,1851,Private,5,Rabi,Sarkari Procurement Center,1849,25,3.3,1739,68,4.9,2324,54,4.0,2395,71,4.6,1849,40,3.4,FieldFresh Traders
F1260,Maize,20,Sirsa,19.27,2231,Government,2,Kharif,Krishi Mandal,2579,38,3.3,2452,99,3.4,2335,11,4.9,2615,22,3.6,2603,31,3.9,FieldFresh Traders
F1261,Mustard,48,Hisar,11.36,1586,Private,2,Rabi,FieldFresh Traders,2195,100,4.4,1687,30,3.1,1486,16,4.0,2485,68,4.0,2094,36,3.7,FieldFresh Traders
F1262,Cotton,24,Panipat,16.28,2016,Government,2,Kharif,Krishi Mandal,2126,93,4.4,2313,35,3.2,1903,59,3.9,2523,51,4.5,2633,95,3.7,GreenYield Buyer Group
F1263,Maize,19,Kurukshetra,10.61,2161,Private,4,Kharif,Krishi Mandal,1755,16,3.2,1726,99,3.4,2462,55,4.7,2311,95,3.5,2359,79,3.3,Sarkari Procurement Center
F1264,Maize,17,Kurukshetra,13.34,1676,Government,2,Rabi,AgroBazaar Pvt Ltd,1760,41,4.2,1766,35,3.1,2501,27,4.6,2337,41,4.4,1668,61,4.1,Sarkari Procurement Center
F1265,Mustard,14,Hisar,10.83,1540,Private,4,Kharif,GreenYield Buyer Group,1884,8,3.4,2559,38,4.3,2210,95,4.6,2022,76,4.7,2000,15,4.6,Krishi Mandal
F1266,Cotton,6,Karnal,12.35,1753,Private,6,Kharif,GreenYield Buyer Group,2613,54,4.9,2558,31,3.8,1480,81,4.1,2561,97,4.6,2199,73,4.2,AgroBazaar Pvt Ltd
F1267,Sugarcane,7,Karnal,19.77,2224,Private,5,Kharif,AgroBazaar Pvt Ltd,2051,11,3.8,1699,34,4.0,2542,80,3.0,1670,10,3.4,2253,82,3.9,Sarkari Procurement Center
F1268,Cotton,20,Sonipat,12.41,1948,Private,3,Rabi,GreenYield Buyer Group,2134,25,3.9,2390,30,4.2,2193,85,4.9,2027,15,3.8,2137,46,4.4,Krishi Mandal
F1269,Wheat,35,Panipat,18.82,1949,Government,4,Rabi,Krishi Mandal,2611,78,4.6,2134,36,4.2,2457,93,4.6,1751,46,3.4,2367,56,3.2,AgroBazaar Pvt Ltd
F1270,Rice,44,Rohtak,15.74,2036,Private,6,Rabi,FieldFresh Traders,1457,32,4.4,1482,84,3.1,2691,94,4.0,1932,68,4.8,1731,80,4.8,Sarkari Procurement Center
F1271,Rice,9,Hisar,8.73,2035,Private,5,Kharif,Sarkari Procurement Center,2120,33,3.2,1848,50,3.4,1500,62,4.1,1864,19,4.9,2673,10,3.3,GreenYield Buyer Group
F1272,Wheat,34,Karnal,11.31,2124,Private,4,Rabi,Krishi Mandal,2562,87,3.8,2398,24,4.4,1788,83,4.9,2391,54,4.8,1824,67,3.4,AgroBazaar Pvt Ltd
F1273,Mustard,31,Hisar,19.62,1662,Private,7,Rabi,Krishi Mandal,2554,33,4.9,1874,18,3.0,1996,50,3.7,2161,41,3.4,1978,7,4.1,AgroBazaar Pvt Ltd
F1274,Wheat,45,Panipat,19.39,1872,Government,5,Kharif,FieldFresh Traders,1691,91,4.7,1528,20,4.8,2300,44,4.4,1990,63,4.9,1576,48,4.4,Sarkari Procurement Center
F1275,Sugarcane,41,Sonipat,17.89,1881,Private,7,Kharif,GreenYield Buyer Group,2553,31,4.2,1941,15,4.3,2215,47,3.8,1496,81,4.8,2388,60,3.6,AgroBazaar Pvt Ltd
F1276,Sugarcane,17,Sirsa,9.1,2439,Government,6,Kharif,FieldFresh Traders,1785,39,4.5,2156,91,4.9,2023,30,4.3,1703,99,4.3,1664,28,3.9,Krishi Mandal
F1277,Rice,50,Panipat,10.55,1789,Private,7,Kharif,Krishi Mandal,2408,88,3.9,1879,89,4.7,1985,96,4.9,2123,44,4.3,1754,58,4.3,AgroBazaar Pvt Ltd
F1278,Sugarcane,49,Panipat,15.67,1896,Government,2,Rabi,AgroBazaar Pvt Ltd,2510,57,4.3,1487,68,3.9,2344,90,3.2,1982,92,4.8,1808,8,4.8,AgroBazaar Pvt Ltd
F1279,Rice,29,Sonipat,19.65,1918,Government,7,Rabi,AgroBazaar Pvt Ltd,2032,70,4.9,1823,83,4.3,1740,73,4.1,2333,61,4.9,1720,72,4.5,FieldFresh Traders
F1280,Wheat,36,Panipat,8.61,2293,Government,2,Rabi,Krishi Mandal,1759,7,3.3,2460,5,3.7,2265,15,4.9,1740,33,3.4,2640,45,4.2,GreenYield Buyer Group
F1281,Wheat,30,Karnal,12.0,1846,Government,6,Kharif,AgroBazaar Pvt Ltd,2404,92,4.0,2139,74,4.5,2002,64,3.2,2666,75,4.4,2407,53,4.7,FieldFresh Traders
F1282,Maize,20,Sonipat,19.87,2195,Private,7,Kharif,GreenYield Buyer Group,1477,6,4.1,2194,10,4.8,2655,77,3.9,1729,57,3.3,1606,37,3.6,Sarkari Procurement Center
F1283,Maize,14,Panipat,17.44,2112,Government,5,Kharif,FieldFresh Traders,1584,65,3.1,2361,66,4.6,1511,21,4.5,2496,42,3.8,2251,16,3.3,FieldFresh Traders
F1284,Wheat,46,Sirsa,10.46,1553,Government,7,Kharif,Sarkari Procurement Center,1515,21,4.9,2331,52,4.6,2458,16,4.3,1984,59,3.9,2411,19,3.5,Sarkari Procurement Center
F1285,Rice,49,Sirsa,17.96,2308,Government,7,Kharif,FieldFresh Traders,1876,87,4.7,1495,84,3.1,1691,94,3.4,1773,29,3.5,2021,17,4.3,GreenYield Buyer Group
F1286,Wheat,5,Sirsa,14.65,2146,Private,1,Rabi,Sarkari Procurement Center,2632,27,4.0,1481,45,4.2,2349,64,3.1,1759,13,3.2,1880,74,3.6,AgroBazaar Pvt Ltd
F1287,Wheat,11,Rohtak,15.04,2162,Private,5,Kharif,Krishi Mandal,1848,81,4.0,2063,68,4.1,2325,17,3.8,1714,65,3.7,1828,26,3.3,Sarkari Procurement Center
F1288,Barley,32,Sonipat,17.76,1842,Private,4,Kharif,Krishi Mandal,1440,6,4.8,1611,78,4.5,1585,63,3.4,1730,91,4.9,2540,41,4.0,GreenYield Buyer Group
F1289,Mustard,19,Panipat,10.8,1567,Government,5,Rabi,Sarkari Procurement Center,2478,33,3.4,2467,40,4.7,2425,44,4.4,1887,52,3.2,1496,23,4.2,AgroBazaar Pvt Ltd
F1290,Wheat,16,Sirsa,17.29,1837,Government,6,Kharif,AgroBazaar Pvt Ltd,2378,37,4.2,2697,67,3.2,1631,92,4.8,1639,27,4.4,1437,28,4.0,Krishi Mandal
F1291,Sugarcane,49,Rohtak,17.46,1596,Government,3,Rabi,Krishi Mandal,1401,82,4.5,1960,28,3.4,1768,87,4.3,1484,6,3.9,2134,37,4.5,GreenYield Buyer Group
F1292,Rice,38,Panipat,15.15,2071,Government,1,Kharif,GreenYield Buyer Group,2079,44,3.3,1939,70,4.0,2598,95,3.7,2048,91,4.8,1934,16,4.6,Sarkari Procurement Center
F1293,Mustard,34,Panipat,11.33,2194,Private,5,Rabi,GreenYield Buyer Group,2657,96,3.8,2585,40,3.2,2519,64,3.2,2576,67,3.9,2131,24,4.6,AgroBazaar Pvt Ltd
F1294,Maize,8,Hisar,19.81,1895,Government,1,Rabi,GreenYield Buyer Group,1812,95,4.2,2514,55,3.5,1677,65,4.3,1659,91,4.3,1724,44,4.2,Krishi Mandal
F1295,Cotton,40,Panipat,19.85,1790,Private,1,Kharif,GreenYield Buyer Group,1667,87,4.8,2567,33,3.8,2205,34,4.5,2302,18,3.2,1757,57,3.3,Krishi Mandal
F1296,Rice,20,Kurukshetra,14.48,1758,Government,7,Rabi,Sarkari Procurement Center,2097,40,4.0,1756,78,3.4,2246,33,3.3,1933,55,4.4,2431,91,3.8,GreenYield Buyer Group
F1297,Sugarcane,12,Hisar,17.58,2241,Government,5,Kharif,AgroBazaar Pvt Ltd,1763,59,3.8,2171,21,4.3,2062,23,3.4,2157,61,3.4,1465,26,4.8,Krishi Mandal
F1298,Rice,34,Sonipat,9.32,2372,Government,5,Kharif,Sarkari Procurement Center,2062,53,5.0,2175,11,4.1,2323,83,4.4,1777,71,4.7,1530,12,4.5,Sarkari Procurement Center
F1299,Maize,13,Karnal,18.4,2172,Government,2,Kharif,Krishi Mandal,1521,49,4.8,2148,72,4.9,1451,38,4.2,1820,89,4.6,2091,83,3.7,Krishi Mandal
F1300,Sugarcane,34,Kurukshetra,9.58,2487,Private,5,Kharif,GreenYield Buyer Group,1444,63,4.5,2603,59,4.1,1766,51,4.0,2551,91,3.6,2281,46,4.0,Krishi Mandal
F1301,Sugarcane,47,Karnal,12.3,2428,Government,5,Kharif,GreenYield Buyer Group,1702,37,3.5,1559,66,4.1,2329,55,3.1,1471,15,4.0,1633,28,3.4,Sarkari Procurement Center
F1302,Cotton,38,Rohtak,17.46,2117,Private,2,Kharif,GreenYield Buyer Group,2601,32,4.9,2458,74,4.5,2608,28,4.1,2049,20,3.3,2664,8,4.4,GreenYield Buyer Group
F1303,Rice,40,Kurukshetra,15.07,2394,Government,2,Kharif,Krishi Mandal,1690,64,4.9,1915,9,4.5,1813,94,3.6,2104,23,4.7,1864,96,4.1,FieldFresh Traders
F1304,Barley,43,Hisar,8.19,1653,Private,3,Rabi,FieldFresh Traders,1627,43,3.9,2170,69,4.2,2331,90,4.1,1702,55,4.2,1647,12,4.0,Sarkari Procurement Center
F1305,Cotton,25,Karnal,11.18,1841,Government,7,Kharif,Sarkari Procurement Center,2477,91,3.3,1856,49,4.3,1584,47,4.7,2163,56,5.0,2550,43,4.9,GreenYield Buyer Group
F1306,Barley,33,Karnal,9.52,1583,Private,5,Kharif,AgroBazaar Pvt Ltd,2147,71,3.8,2457,55,4.4,1912,46,3.9,2318,93,3.6,1858,54,3.9,Krishi Mandal
F1307,Cotton,44,Karnal,13.05,2096,Government,4,Rabi,Krishi Mandal,1548,84,4.4,2231,92,3.9,2063,63,5.0,2505,80,4.4,2396,17,4.2,FieldFresh Traders
F1308,Rice,37,Panipat,9.36,2179,Government,1,Kharif,FieldFresh Traders,2165,55,4.5,2122,27,3.2,1735,67,3.1,1732,18,3.8,1928,45,4.3,AgroBazaar Pvt Ltd
F1309,Wheat,32,Hisar,8.76,1644,Private,6,Kharif,FieldFresh Traders,2210,79,3.6,2106,63,4.6,1653,8,3.1,2492,99,3.8,2096,23,4.6,FieldFresh Traders
F1310,Wheat,40,Karnal,13.38,2438,Private,2,Rabi,AgroBazaar Pvt Ltd,2600,18,4.4,2397,20,4.1,1586,13,4.6,2017,26,3.3,2127,57,4.3,AgroBazaar Pvt Ltd
F1311,Maize,33,Hisar,12.34,1858,Private,6,Kharif,Krishi Mandal,1606,5,4.7,2387,94,4.0,1633,65,3.1,1648,13,3.6,1495,46,3.4,Krishi Mandal
F1312,Cotton,15,Sirsa,15.12,1817,Private,5,Kharif,FieldFresh Traders,2089,70,4.4,2637,71,4.3,2320,19,3.2,1451,51,3.5,2540,38,4.8,Krishi Mandal
F1313,Mustard,35,Sirsa,13.42,2490,Government,4,Kharif,GreenYield Buyer Group,2018,89,4.9,1413,63,4.1,2698,49,4.6,2228,30,4.2,1947,53,3.9,Sarkari Procurement Center
F1314,Cotton,33,Kurukshetra,10.66,2171,Government,1,Kharif,AgroBazaar Pvt Ltd,2060,52,4.3,2427,45,4.2,2143,66,4.3,2422,48,4.8,1709,20,3.5,Krishi Mandal
F1315,Cotton,21,Panipat,15.38,2215,Government,5,Rabi,GreenYield Buyer Group,1679,76,3.4,1684,93,4.9,1574,64,3.9,1697,30,3.7,2455,11,3.4,GreenYield Buyer Group
F1316,Cotton,20,Sirsa,16.73,2178,Private,4,Kharif,AgroBazaar Pvt Ltd,1722,87,4.2,2300,6,4.8,2472,26,4.4,2338,81,4.4,2637,30,3.9,GreenYield Buyer Group
F1317,Barley,45,Rohtak,18.91,1901,Private,7,Kharif,Sarkari Procurement Center,2294,81,3.6,1739,6,4.1,2186,41,4.7,2055,56,3.9,1613,35,3.8,AgroBazaar Pvt Ltd
F1318,Maize,22,Hisar,15.91,1632,Government,1,Kharif,Sarkari Procurement Center,2397,82,3.7,1871,91,5.0,2447,49,3.3,1719,20,3.0,1503,81,3.3,Sarkari Procurement Center
F1319,Wheat,38,Karnal,11.62,2109,Government,4,Kharif,Krishi Mandal,2049,41,4.3,1557,31,4.7,2653,82,4.2,1408,34,3.3,2296,80,4.7,Sarkari Procurement Center
F1320,Maize,36,Rohtak,15.72,2225,Private,2,Kharif,FieldFresh Traders,1756,43,5.0,2453,53,3.8,1727,78,4.8,2518,59,3.6,2336,35,3.5,FieldFresh Traders
F1321,Maize,45,Kurukshetra,8.37,2460,Private,5,Rabi,GreenYield Buyer Group,2550,92,4.3,1975,79,4.3,2175,21,3.1,2439,97,4.4,1627,68,3.2,AgroBazaar Pvt Ltd
F1322,Maize,20,Rohtak,19.98,1586,Government,4,Rabi,FieldFresh Traders,2656,18,4.9,1833,17,4.7,2527,70,3.3,2078,68,4.4,1616,70,4.5,AgroBazaar Pvt Ltd
F1323,Wheat,22,Kurukshetra,18.17,1817,Government,4,Rabi,Sarkari Procurement Center,2130,66,4.0,1707,46,3.6,2179,18,4.3,2005,40,4.4,2650,69,3.6,GreenYield Buyer Group
F1324,Wheat,33,Sonipat,13.12,2072,Government,5,Rabi,GreenYield Buyer Group,1857,13,4.4,1782,51,3.5,1489,56,3.9,2370,96,4.4,2648,54,4.0,GreenYield Buyer Group
F1325,Cotton,9,Sirsa,9.3,1885,Government,1,Kharif,Krishi Mandal,2606,48,3.6,1722,83,4.1,1749,96,4.8,1993,79,4.5,1608,19,3.5,AgroBazaar Pvt Ltd
F1326,Maize,50,Hisar,16.55,2158,Government,5,Rabi,FieldFresh Traders,1759,40,3.2,2141,38,3.8,2086,18,3.1,2574,80,3.5,2551,39,3.1,FieldFresh Traders
F1327,Mustard,23,Kurukshetra,13.32,2310,Private,4,Kharif,AgroBazaar Pvt Ltd,2174,86,3.7,2632,28,4.1,2558,46,4.4,1701,39,3.2,1485,12,4.0,Krishi Mandal
F1328,Barley,20,Karnal,18.79,1836,Private,6,Kharif,AgroBazaar Pvt Ltd,2028,46,4.0,1642,75,4.5,1707,76,3.3,2557,87,3.1,2438,45,3.7,FieldFresh Traders
F1329,Barley,22,Rohtak,11.87,2332,Government,7,Rabi,GreenYield Buyer Group,2003,40,4.1,1871,38,3.7,1732,88,3.3,2305,56,3.7,1615,64,3.9,FieldFresh Traders
F1330,Wheat,26,Sonipat,9.78,1630,Government,3,Kharif,AgroBazaar Pvt Ltd,1660,38,4.3,2249,35,3.9,1696,14,3.1,2093,50,3.5,1742,75,3.9,Krishi Mandal
F1331,Rice,25,Sonipat,9.51,2186,Private,6,Kharif,AgroBazaar Pvt Ltd,1763,88,3.8,2076,39,4.9,1766,43,3.6,1630,65,4.8,2690,57,3.7,GreenYield Buyer Group
F1332,Rice,39,Kurukshetra,15.49,2219,Private,1,Rabi,Sarkari Procurement Center,1403,96,4.5,1632,65,3.0,1505,73,4.6,2380,90,5.0,1641,13,4.0,FieldFresh Traders
F1333,Rice,10,Panipat,15.02,2348,Government,4,Kharif,Krishi Mandal,2573,88,4.7,2386,83,3.1,2259,64,3.9,1482,82,4.9,1820,66,3.5,AgroBazaar Pvt Ltd
F1334,Sugarcane,13,Kurukshetra,16.55,2469,Private,3,Rabi,AgroBazaar Pvt Ltd,2201,43,3.6,2380,48,3.6,2030,56,3.3,1685,56,4.9,2140,8,3.0,Krishi Mandal
F1335,Cotton,14,Sonipat,12.57,2256,Private,7,Kharif,AgroBazaar Pvt Ltd,2562,29,4.7,2381,51,3.0,2033,80,4.2,2528,67,4.2,1721,57,3.9,AgroBazaar Pvt Ltd
F1336,Rice,19,Karnal,15.17,2201,Government,1,Rabi,FieldFresh Traders,1466,24,4.6,1831,28,3.3,2313,57,4.6,1639,70,4.5,1998,86,3.5,Sarkari Procurement Center
F1337,Cotton,29,Sirsa,11.54,2434,Government,6,Kharif,GreenYield Buyer Group,1772,71,4.0,2609,68,4.8,1991,35,3.2,2030,40,3.1,2304,34,3.2,Krishi Mandal
F1338,Rice,49,Hisar,14.07,2039,Government,2,Kharif,Sarkari Procurement Center,2633,35,3.1,1730,59,3.0,2682,84,4.0,1450,23,3.5,2436,7,4.8,Sarkari Procurement Center
F1339,Mustard,14,Panipat,13.16,1595,Government,5,Rabi,GreenYield Buyer Group,2051,12,3.3,2241,31,5.0,1770,36,4.6,2222,63,4.2,2420,39,3.6,GreenYield Buyer Group
F1340,Cotton,50,Karnal,17.52,2161,Private,1,Kharif,FieldFresh Traders,2652,81,4.3,1445,58,3.4,1640,75,3.4,2664,18,3.6,1603,75,4.0,FieldFresh Traders
F1341,Rice,18,Kurukshetra,9.37,2186,Private,1,Kharif,FieldFresh Traders,1852,56,3.4,1899,94,3.6,1669,25,4.6,1851,20,3.8,1715,80,4.1,Krishi Mandal
F1342,Barley,9,Karnal,15.86,1933,Government,4,Kharif,FieldFresh Traders,2558,89,4.5,1488,52,4.5,1815,66,3.9,2313,37,3.7,2144,91,3.2,AgroBazaar Pvt Ltd
F1343,Wheat,31,Rohtak,18.53,2020,Private,3,Kharif,AgroBazaar Pvt Ltd,1613,45,3.3,1661,51,4.9,1407,54,4.6,2131,67,4.9,2085,17,3.6,FieldFresh Traders
F1344,Cotton,31,Sonipat,14.62,1870,Government,6,Rabi,GreenYield Buyer Group,2416,92,3.6,2574,56,4.6,2675,13,5.0,1589,68,4.1,1682,36,3.5,Sarkari Procurement Center
F1345,Barley,26,Karnal,18.39,1518,Government,1,Kharif,GreenYield Buyer Group,1688,22,3.5,2613,40,4.8,1918,48,4.4,2068,34,4.2,1651,76,3.2,Krishi Mandal
F1346,Barley,39,Hisar,13.16,1871,Government,5,Rabi,GreenYield Buyer Group,2078,97,4.7,1729,62,4.0,1425,31,3.6,1512,85,3.5,1813,88,3.7,AgroBazaar Pvt Ltd
F1347,Barley,34,Hisar,18.66,1816,Government,1,Rabi,Krishi Mandal,1559,8,4.4,1675,28,4.1,2339,93,5.0,2645,22,4.0,2299,21,4.1,FieldFresh Traders
F1348,Sugarcane,31,Karnal,12.97,1684,Private,1,Rabi,Sarkari Procurement Center,1887,88,3.6,2689,78,4.1,2419,80,4.2,1799,8,4.9,2251,43,3.7,Krishi Mandal
F1349,Wheat,8,Sonipat,17.93,2473,Government,4,Kharif,AgroBazaar Pvt Ltd,2110,68,4.5,2449,21,3.2,2421,60,3.3,2594,17,4.8,1413,77,4.4,FieldFresh Traders
F1350,Wheat,18,Rohtak,12.78,1719,Private,1,Rabi,Sarkari Procurement Center,2054,42,3.1,1480,78,3.9,2513,60,4.7,2478,99,3.3,1902,57,3.5,Sarkari Procurement Center
F1351,Maize,31,Panipat,16.76,1849,Private,3,Rabi,AgroBazaar Pvt Ltd,1743,38,4.6,2572,92,3.3,1411,77,4.6,1854,11,3.6,2370,62,4.5,Krishi Mandal
F1352,Sugarcane,29,Kurukshetra,11.75,2470,Government,4,Kharif,GreenYield Buyer Group,1581,58,3.2,1700,34,3.5,2645,48,4.5,1969,13,4.1,2099,15,4.5,Sarkari Procurement Center
F1353,Barley,42,Sonipat,11.75,2284,Government,2,Kharif,Krishi Mandal,2087,56,4.7,1514,17,4.8,2410,74,4.2,1800,68,3.3,1987,86,4.7,Sarkari Procurement Center
F1354,Wheat,49,Panipat,11.06,1997,Private,7,Kharif,Krishi Mandal,2314,54,4.5,1740,97,3.5,1887,93,3.7,1446,91,3.2,2434,69,3.4,GreenYield Buyer Group
F1355,Wheat,6,Rohtak,19.44,1696,Government,2,Rabi,GreenYield Buyer Group,1423,99,4.7,1928,39,3.5,1844,35,3.2,1571,8,3.1,1750,31,4.2,Krishi Mandal
F1356,Barley,41,Sirsa,16.24,1731,Government,7,Rabi,Sarkari Procurement Center,1943,9,4.5,1768,35,3.6,2605,27,3.3,2502,27,3.3,1574,23,3.3,Sarkari Procurement Center
F1357,Barley,29,Hisar,13.69,1640,Government,6,Rabi,FieldFresh Traders,1829,79,4.1,2458,76,4.1,2374,89,3.8,2312,53,4.7,1944,52,4.7,Krishi Mandal
F1358,Rice,35,Sirsa,9.09,1658,Private,6,Kharif,GreenYield Buyer Group,1911,95,3.5,2230,60,4.1,2329,90,4.4,1578,82,4.7,2162,74,4.4,Sarkari Procurement Center
F1359,Rice,5,Kurukshetra,9.02,1579,Private,6,Rabi,AgroBazaar Pvt Ltd,1538,78,4.6,2627,53,3.4,2239,14,4.1,2448,91,4.5,2249,26,4.1,Krishi Mandal
F1360,Cotton,27,Rohtak,13.18,1802,Private,4,Rabi,Sarkari Procurement Center,2117,29,4.6,2554,30,3.2,2304,99,3.9,2207,46,4.9,2138,36,3.5,Krishi Mandal
F1361,Cotton,24,Kurukshetra,16.94,2364,Government,3,Kharif,FieldFresh Traders,1925,48,3.6,1438,23,3.6,1562,96,4.9,1798,24,3.6,2689,73,4.5,GreenYield Buyer Group
F1362,Cotton,29,Sirsa,12.47,2307,Government,4,Kharif,Krishi Mandal,1621,97,4.3,1980,99,4.0,2631,78,3.1,2404,43,4.8,1902,59,3.6,Sarkari Procurement Center
F1363,Rice,31,Rohtak,9.56,1603,Government,4,Kharif,AgroBazaar Pvt Ltd,1402,96,4.9,1575,24,4.0,2629,67,3.2,2050,84,4.2,1710,76,3.7,Sarkari Procurement Center
F1364,Barley,39,Panipat,8.72,2019,Government,7,Kharif,Krishi Mandal,1498,33,3.8,1843,65,4.8,1413,19,4.7,2635,84,4.5,2484,62,5.0,FieldFresh Traders
F1365,Cotton,39,Panipat,19.48,2289,Private,4,Rabi,AgroBazaar Pvt Ltd,2190,92,4.9,2319,6,4.4,1901,80,4.2,2639,17,3.5,2263,10,4.9,FieldFresh Traders
F1366,Wheat,43,Sirsa,14.74,2052,Private,4,Kharif,FieldFresh Traders,2297,73,5.0,2642,27,4.6,2520,81,4.6,2447,14,3.6,1867,5,4.6,Krishi Mandal
F1367,Rice,19,Sirsa,16.04,2355,Government,1,Rabi,AgroBazaar Pvt Ltd,2259,86,3.6,2365,58,3.2,1969,64,3.0,1514,89,4.8,1682,64,4.5,Krishi Mandal
F1368,Cotton,36,Hisar,12.93,2256,Private,6,Kharif,FieldFresh Traders,1740,65,4.1,2386,68,4.3,2669,46,4.0,2139,71,3.6,2278,84,3.0,Sarkari Procurement Center
F1369,Wheat,19,Panipat,18.48,2404,Private,6,Rabi,GreenYield Buyer Group,2247,90,3.0,1749,22,3.1,2687,76,3.0,2214,68,5.0,2246,42,4.3,Sarkari Procurement Center
F1370,Cotton,22,Hisar,19.29,2039,Private,7,Kharif,GreenYield Buyer Group,2409,50,3.5,1849,85,4.6,2541,17,3.4,1702,64,4.5,2238,88,5.0,Sarkari Procurement Center
F1371,Mustard,32,Sirsa,13.08,1538,Private,5,Kharif,AgroBazaar Pvt Ltd,2175,69,4.2,2241,71,3.8,1825,61,3.2,2275,30,3.3,2339,26,4.9,GreenYield Buyer Group
F1372,Barley,36,Kurukshetra,18.99,2177,Government,2,Rabi,Sarkari Procurement Center,2119,43,4.6,2630,73,4.6,1500,27,4.3,2157,42,4.7,2457,5,4.7,Krishi Mandal
F1373,Barley,6,Rohtak,8.62,1844,Government,6,Rabi,Krishi Mandal,2518,26,4.7,1692,97,4.8,1778,44,4.8,2190,89,4.3,2140,12,3.5,AgroBazaar Pvt Ltd
F1374,Cotton,29,Panipat,11.45,2397,Government,7,Rabi,AgroBazaar Pvt Ltd,2168,89,4.7,2593,45,3.7,1703,56,3.8,2163,68,4.6,1460,66,4.4,Krishi Mandal
F1375,Mustard,26,Rohtak,11.75,2284,Private,3,Kharif,AgroBazaar Pvt Ltd,1607,76,4.8,1772,67,4.8,1512,13,4.6,1424,67,3.1,2306,39,3.4,GreenYield Buyer Group
F1376,Cotton,47,Hisar,9.24,2132,Private,1,Kharif,Krishi Mandal,2381,28,4.4,2676,43,3.9,2114,81,4.5,1982,69,3.3,1698,81,3.5,Krishi Mandal
F1377,Maize,48,Hisar,14.09,1634,Government,2,Kharif,AgroBazaar Pvt Ltd,2583,42,4.3,2446,37,4.9,1475,18,4.4,2106,38,3.5,1420,37,4.2,AgroBazaar Pvt Ltd
F1378,Maize,30,Karnal,9.86,2111,Government,5,Kharif,Krishi Mandal,1861,17,4.5,1941,76,3.2,1697,92,3.4,2119,74,3.1,2459,92,4.1,GreenYield Buyer Group
F1379,Barley,15,Kurukshetra,13.79,1885,Private,4,Rabi,FieldFresh Traders,1733,65,4.1,1743,77,4.5,1466,81,4.3,2030,48,3.5,1542,53,3.9,FieldFresh Traders
F1380,Sugarcane,34,Sonipat,18.17,1657,Government,5,Kharif,Sarkari Procurement Center,2324,21,4.2,2101,11,4.5,2583,53,4.0,2312,74,4.4,1573,49,4.6,Sarkari Procurement Center
F1381,Maize,13,Sonipat,12.2,1666,Government,2,Kharif,GreenYield Buyer Group,1550,99,4.6,2328,55,4.7,2635,46,3.8,2548,74,3.9,2092,85,3.7,Sarkari Procurement Center
F1382,Maize,44,Panipat,14.68,1685,Government,6,Kharif,GreenYield Buyer Group,1468,38,4.9,2621,17,4.9,2011,68,4.9,1579,7,5.0,2044,32,3.2,Krishi Mandal
F1383,Cotton,39,Panipat,9.38,2351,Government,2,Rabi,Sarkari Procurement Center,2003,97,3.6,2609,93,4.3,2078,87,4.2,1841,9,4.9,2222,79,4.7,Krishi Mandal
F1384,Rice,6,Hisar,11.34,2209,Government,7,Kharif,Krishi Mandal,1441,76,3.4,1540,25,4.3,1579,89,3.1,2309,60,3.1,1736,70,3.9,FieldFresh Traders
F1385,Rice,30,Sonipat,10.71,2289,Government,1,Kharif,Sarkari Procurement Center,2052,28,4.4,1870,12,3.1,1500,12,3.4,2251,20,3.7,2288,41,4.9,GreenYield Buyer Group
F1386,Mustard,42,Kurukshetra,13.15,2139,Private,7,Kharif,Krishi Mandal,1934,92,3.4,2174,32,4.0,1623,16,4.0,2306,54,4.4,1525,10,3.8,FieldFresh Traders
F1387,Rice,41,Sonipat,14.73,2328,Government,1,Rabi,Sarkari Procurement Center,1614,47,3.3,2189,37,3.6,2253,32,4.9,1991,62,4.0,2205,25,3.9,Sarkari Procurement Center
F1388,Wheat,47,Rohtak,17.21,2424,Government,3,Kharif,AgroBazaar Pvt Ltd,1551,88,4.0,1670,65,4.1,1765,22,4.3,1735,45,4.0,1475,99,4.7,Sarkari Procurement Center
F1389,Sugarcane,6,Panipat,15.46,1669,Private,4,Rabi,AgroBazaar Pvt Ltd,2100,16,3.8,1622,85,3.7,1730,79,4.6,2268,53,4.7,1709,73,3.1,FieldFresh Traders
F1390,Maize,10,Hisar,16.1,2238,Government,6,Rabi,Sarkari Procurement Center,1748,33,3.9,1433,17,4.4,1982,86,3.7,2248,61,4.7,2576,77,3.3,GreenYield Buyer Group
F1391,Sugarcane,46,Sonipat,14.68,1948,Government,6,Rabi,FieldFresh Traders,2168,50,4.1,1814,62,3.3,2651,5,3.0,1685,63,3.2,1518,13,4.7,Sarkari Procurement Center
F1392,Wheat,32,Sonipat,15.31,1544,Private,5,Kharif,Sarkari Procurement Center,1729,33,3.3,2470,100,4.3,2618,23,3.5,2602,9,3.2,2693,43,3.6,GreenYield Buyer Group
F1393,Maize,13,Karnal,15.89,1920,Government,4,Rabi,GreenYield Buyer Group,1553,100,4.2,2432,47,5.0,2572,89,3.2,2624,9,4.7,2464,16,4.5,FieldFresh Traders
F1394,Mustard,34,Sirsa,16.32,1873,Government,5,Rabi,AgroBazaar Pvt Ltd,2520,44,3.5,2259,38,4.9,2551,24,4.1,1576,27,3.4,2005,55,4.0,Sarkari Procurement Center
F1395,Wheat,16,Panipat,8.35,2192,Private,4,Rabi,Sarkari Procurement Center,1590,58,3.7,1706,51,4.5,1763,62,3.2,1694,76,3.3,2258,94,4.3,GreenYield Buyer Group
F1396,Wheat,8,Kurukshetra,11.28,2236,Private,7,Rabi,GreenYield Buyer Group,2092,47,4.4,2640,51,4.2,2332,73,3.7,1825,89,4.0,2223,20,3.7,Krishi Mandal
F1397,Sugarcane,21,Sirsa,17.15,1743,Government,2,Rabi,AgroBazaar Pvt Ltd,2616,52,3.3,1597,76,3.2,2585,42,4.5,2021,43,3.5,2533,22,3.5,AgroBazaar Pvt Ltd
F1398,Cotton,29,Rohtak,19.06,2492,Private,2,Kharif,FieldFresh Traders,2656,38,3.3,1763,76,3.9,2137,54,4.1,2372,95,4.8,2023,97,3.9,AgroBazaar Pvt Ltd
F1399,Sugarcane,25,Karnal,12.21,1954,Government,4,Kharif,FieldFresh Traders,2388,79,3.6,2374,37,4.6,1473,83,3.4,2475,26,4.2,2042,76,4.5,FieldFresh Traders
